{
  "MSP": 0.45513689517974854,
  "MaxLogit": -4.9925666809082045,
  "Entropy": 1.1462614297866818,
  "Energy": -5.459558057785035,
  "ReAct": -4.771452474594117,
  "ASH": -5.876307964324951,
  "ACTSUB": -5.032812261581423,
  "ODIN": 0.9471065998077393,
  "GEN": 0.941050112247467,
  "DICE": -5.467111635208131,
  "Gram": 0.1678474396467209,
  "SCALE": -3.992490768432617,
  "KL_Matching": -1.798177266120911,
  "Mahalanobis": 363.01049499511714,
  "Mahalanobis_plus__plus_": 15010.19658203124,
  "kNN": 0.6987766563892364,
  "VIM": -3.4486725568771366
}