{
  "MSP": {
    "auroc": 0.7645182200271129,
    "ap": 0.24266741975082218,
    "fpr_at_95_tpr": 0.6042344491226339,
    "polarity_flipped": false,
    "score_range": [
      1.1920928955078125e-07,
      0.9006713628768921
    ],
    "n_samples": 35389440,
    "ood_ratio": 0.09849257292570891
  },
  "MaxLogit": {
    "auroc": 0.7937107976547109,
    "ap": 0.28299417494511264,
    "fpr_at_95_tpr": 0.6142927044870425,
    "polarity_flipped": false,
    "score_range": [
      -18.860050201416016,
      -1.076732873916626
    ],
    "n_samples": 35389440,
    "ood_ratio": 0.09849257292570891
  },
  "Entropy": {
    "auroc": 0.7762339339016585,
    "ap": 0.27412711560411934,
    "fpr_at_95_tpr": 0.6029597437525003,
    "polarity_flipped": false,
    "score_range": [
      4.427323347044876e-06,
      2.7092909812927246
    ],
    "n_samples": 35389440,
    "ood_ratio": 0.09849257292570891
  },
  "Energy": {
    "auroc": 0.7955011164448539,
    "ap": 0.28316892773922003,
    "fpr_at_95_tpr": 0.6134956845167524,
    "polarity_flipped": false,
    "score_range": [
      -18.860050201416016,
      -3.262923240661621
    ],
    "n_samples": 35389440,
    "ood_ratio": 0.09849257292570891
  },
  "ReAct": {
    "auroc": 0.826628022185522,
    "ap": 0.35049654387369744,
    "fpr_at_95_tpr": 0.5300167443777855,
    "polarity_flipped": false,
    "score_range": [
      -14.932644844055176,
      -1.1206073760986328
    ],
    "n_samples": 35389440,
    "ood_ratio": 0.09849257292570891
  },
  "ASH": {
    "auroc": 0.6453160430765424,
    "ap": 0.15752887310080665,
    "fpr_at_95_tpr": 0.9010307002827215,
    "polarity_flipped": false,
    "score_range": [
      -28.478700637817383,
      -3.3780717849731445
    ],
    "n_samples": 35389440,
    "ood_ratio": 0.09849257292570891
  },
  "ACTSUB": {
    "auroc": 0.7962161989871429,
    "ap": 0.2829599584410982,
    "fpr_at_95_tpr": 0.5746687632583949,
    "polarity_flipped": false,
    "score_range": [
      -15.025059700012207,
      -3.2622640132904053
    ],
    "n_samples": 35389440,
    "ood_ratio": 0.09849257292570891
  },
  "ODIN": {
    "auroc": 0.7944412044327009,
    "ap": 0.28449305146731263,
    "fpr_at_95_tpr": 0.6124819821862839,
    "polarity_flipped": false,
    "score_range": [
      0.9463697075843811,
      0.947314977645874
    ],
    "n_samples": 35389440,
    "ood_ratio": 0.09849257292570891
  },
  "GEN": {
    "auroc": 0.7664620256676864,
    "ap": 0.2542860611321596,
    "fpr_at_95_tpr": 0.6042342610575159,
    "polarity_flipped": false,
    "score_range": [
      0.20306329429149628,
      0.9923901557922363
    ],
    "n_samples": 35389440,
    "ood_ratio": 0.09849257292570891
  },
  "DICE": {
    "auroc": 0.7954949914320418,
    "ap": 0.2830781922972662,
    "fpr_at_95_tpr": 0.6134964681214109,
    "polarity_flipped": false,
    "score_range": [
      -18.860050201416016,
      -3.310298442840576
    ],
    "n_samples": 35389440,
    "ood_ratio": 0.09849257292570891
  },
  "Gram": {
    "auroc": 0.7636124257287102,
    "ap": 0.2363638919959833,
    "fpr_at_95_tpr": 0.7030218585265731,
    "polarity_flipped": false,
    "score_range": [
      0.06479266285896301,
      0.31766170263290405
    ],
    "n_samples": 35389440,
    "ood_ratio": 0.09849257292570891
  },
  "SCALE": {
    "auroc": 0.8458095441723225,
    "ap": 0.34789091441984915,
    "fpr_at_95_tpr": 0.46989984874235996,
    "polarity_flipped": false,
    "score_range": [
      -11.056717872619629,
      -3.0973825454711914
    ],
    "n_samples": 35389440,
    "ood_ratio": 0.09849257292570891
  },
  "KL_Matching": {
    "auroc": 0.7762339243746449,
    "ap": 0.27412708112103246,
    "fpr_at_95_tpr": 0.6029595556873822,
    "polarity_flipped": false,
    "score_range": [
      -2.944434642791748,
      -0.23514720797538757
    ],
    "n_samples": 35389440,
    "ood_ratio": 0.09849257292570891
  },
  "Mahalanobis": {
    "auroc": 0.6956813733015926,
    "ap": 0.18870548172017995,
    "fpr_at_95_tpr": 0.8156907931122905,
    "polarity_flipped": false,
    "score_range": [
      80.4096908569336,
      1464.9720458984375
    ],
    "n_samples": 35389440,
    "ood_ratio": 0.09849257292570891
  },
  "Mahalanobis++": {
    "auroc": 0.8118558463231471,
    "ap": 0.29295772527717634,
    "fpr_at_95_tpr": 0.5213166012633651,
    "polarity_flipped": false,
    "score_range": [
      1280.659912109375,
      89382.53125
    ],
    "n_samples": 35389440,
    "ood_ratio": 0.09849257292570891
  },
  "kNN": {
    "auroc": 0.604013161498595,
    "ap": 0.1252058124230861,
    "fpr_at_95_tpr": 0.8651503519497635,
    "polarity_flipped": true,
    "score_range": [
      -0.8155513405799866,
      -0.31651487946510315
    ],
    "n_samples": 35389440,
    "ood_ratio": 0.09849257292570891
  },
  "VIM": {
    "auroc": 0.8275198498410772,
    "ap": 0.3422173898918076,
    "fpr_at_95_tpr": 0.53480234340421,
    "polarity_flipped": false,
    "score_range": [
      -16.061418533325195,
      0.2560883164405823
    ],
    "n_samples": 35389440,
    "ood_ratio": 0.09849257292570891
  }
}