{
  "MSP": 0.35648069679737127,
  "MaxLogit": 1.4460837841033936,
  "Entropy": 0.7360318094491962,
  "Energy": 1.3278088569641113,
  "Mahalanobis": 179.14875259399423,
  "Mahalanobis_plus__plus_": 219.67030792236346,
  "ReAct": 0.9904968321323402,
  "ASH": -1.5691102743148804,
  "ACTSUB": 1.337895154953003,
  "ODIN": 0.9468982219696045,
  "kNN": 0.4621464014053345,
  "VIM": 64.67467994689946,
  "GEN": 0.9244603514671326,
  "DICE": -0.8175993770360943,
  "Gram": 2.6904869079589844,
  "SCALE": -1.1612848460674279,
  "KL_Matching": -2.208406925201416
}