{
  "MSP": {
    "auroc": 0.695474140659363,
    "ap": 0.3101376575746216,
    "fpr_at_95_tpr": 0.8880456622167082,
    "polarity_flipped": false,
    "score_range": [
      0.0,
      0.8576375246047974
    ],
    "n_samples": 176947200,
    "ood_ratio": 0.18666614673755788
  },
  "MaxLogit": {
    "auroc": 0.6619870055041491,
    "ap": 0.30166999869041045,
    "fpr_at_95_tpr": 0.8366730141150379,
    "polarity_flipped": false,
    "score_range": [
      -16.5907039642334,
      14.815116882324219
    ],
    "n_samples": 176947200,
    "ood_ratio": 0.18666614673755788
  },
  "Entropy": {
    "auroc": 0.6977839444150051,
    "ap": 0.31799257785670554,
    "fpr_at_95_tpr": 0.8675897607420625,
    "polarity_flipped": false,
    "score_range": [
      7.564618814176029e-18,
      2.5233616828918457
    ],
    "n_samples": 176947200,
    "ood_ratio": 0.18666614673755788
  },
  "Energy": {
    "auroc": 0.6591605294242155,
    "ap": 0.2919690563018948,
    "fpr_at_95_tpr": 0.8368035822944463,
    "polarity_flipped": false,
    "score_range": [
      -16.5907039642334,
      13.987861633300781
    ],
    "n_samples": 176947200,
    "ood_ratio": 0.18666614673755788
  },
  "Mahalanobis": {
    "auroc": 0.6661433290541284,
    "ap": 0.27125355033816,
    "fpr_at_95_tpr": 0.7551641657045621,
    "polarity_flipped": false,
    "score_range": [
      10.858612060546875,
      542.1424560546875
    ],
    "n_samples": 176947200,
    "ood_ratio": 0.18666614673755788
  },
  "Mahalanobis++": {
    "auroc": 0.690231228034132,
    "ap": 0.286202300700034,
    "fpr_at_95_tpr": 0.7378609948551788,
    "polarity_flipped": false,
    "score_range": [
      9.460532188415527,
      701.7522583007812
    ],
    "n_samples": 176947200,
    "ood_ratio": 0.18666614673755788
  },
  "ReAct": {
    "auroc": 0.7046828791433395,
    "ap": 0.3476821228296367,
    "fpr_at_95_tpr": 0.7935002505747265,
    "polarity_flipped": false,
    "score_range": [
      -11.112479209899902,
      10.102659225463867
    ],
    "n_samples": 176947200,
    "ood_ratio": 0.18666614673755788
  },
  "ASH": {
    "auroc": 0.5446736618133443,
    "ap": 0.20587554209468778,
    "fpr_at_95_tpr": 0.9551086295845718,
    "polarity_flipped": false,
    "score_range": [
      -1.7475438117980957,
      -1.1467928886413574
    ],
    "n_samples": 176947200,
    "ood_ratio": 0.18666614673755788
  },
  "ACTSUB": {
    "auroc": 0.6669413504505786,
    "ap": 0.29766656757966486,
    "fpr_at_95_tpr": 0.8115671108212901,
    "polarity_flipped": false,
    "score_range": [
      -11.478267669677734,
      10.43694019317627
    ],
    "n_samples": 176947200,
    "ood_ratio": 0.18666614673755788
  },
  "ODIN": {
    "auroc": 0.7138000342890265,
    "ap": 0.3432375965759576,
    "fpr_at_95_tpr": 0.8735098474853046,
    "polarity_flipped": false,
    "score_range": [
      0.9446842074394226,
      0.9472725987434387
    ],
    "n_samples": 176947200,
    "ood_ratio": 0.18666614673755788
  },
  "kNN": {
    "auroc": 0.7322992079464001,
    "ap": 0.3391382057535922,
    "fpr_at_95_tpr": 0.6911999465136704,
    "polarity_flipped": false,
    "score_range": [
      0.037762600928545,
      0.7730287909507751
    ],
    "n_samples": 176947200,
    "ood_ratio": 0.18666614673755788
  },
  "VIM": {
    "auroc": 0.6811489804170635,
    "ap": 0.291310042562816,
    "fpr_at_95_tpr": 0.7601808020820424,
    "polarity_flipped": false,
    "score_range": [
      7.855821132659912,
      118.15022277832031
    ],
    "n_samples": 176947200,
    "ood_ratio": 0.18666614673755788
  },
  "GEN": {
    "auroc": 0.6957702071124495,
    "ap": 0.31244353881619336,
    "fpr_at_95_tpr": 0.8687305560001787,
    "polarity_flipped": false,
    "score_range": [
      1.7999999060713812e-11,
      0.9896725416183472
    ],
    "n_samples": 176947200,
    "ood_ratio": 0.18666614673755788
  },
  "DICE": {
    "auroc": 0.659160713526933,
    "ap": 0.2919657104367995,
    "fpr_at_95_tpr": 0.8368036170366577,
    "polarity_flipped": false,
    "score_range": [
      -16.5907039642334,
      -0.0122089684009552
    ],
    "n_samples": 176947200,
    "ood_ratio": 0.18666614673755788
  },
  "Gram": {
    "auroc": 0.5613933918078251,
    "ap": 0.21088630247732118,
    "fpr_at_95_tpr": 0.9323354573424426,
    "polarity_flipped": false,
    "score_range": [
      0.9126538038253784,
      3.9235048294067383
    ],
    "n_samples": 176947200,
    "ood_ratio": 0.18666614673755788
  },
  "SCALE": {
    "auroc": 0.6694798412453876,
    "ap": 0.2783034992939313,
    "fpr_at_95_tpr": 0.8155654668754275,
    "polarity_flipped": true,
    "score_range": [
      0.13209405541419983,
      2.711578607559204
    ],
    "n_samples": 176947200,
    "ood_ratio": 0.18666614673755788
  },
  "KL_Matching": {
    "auroc": 0.6977627533075904,
    "ap": 0.31793898872402315,
    "fpr_at_95_tpr": 0.8698870130472569,
    "polarity_flipped": false,
    "score_range": [
      -2.9444386959075928,
      -0.4210769534111023
    ],
    "n_samples": 176947200,
    "ood_ratio": 0.18666614673755788
  }
}