{
  "MSP": 0.48369765281677246,
  "MaxLogit": -4.726395606994629,
  "Entropy": 1.282615065574646,
  "Energy": -5.263583350181577,
  "Mahalanobis": 406.1968688964844,
  "Mahalanobis_plus__plus_": 14623.29296875,
  "ReAct": -4.385268378257749,
  "ASH": -5.865618872642514,
  "ACTSUB": -4.826694965362549,
  "ODIN": 0.9471208453178406,
  "kNN": 0.6870885491371155,
  "VIM": -3.117997407913208,
  "GEN": 0.9483478665351868,
  "DICE": -5.272875785827637,
  "Gram": 0.17795483246445665,
  "SCALE": -3.853764057159424,
  "KL_Matching": -1.6618236303329468
}