{
  "MSP": {
    "auroc": 0.6795714583591446,
    "ap": 0.30167239241817195,
    "fpr_at_95_tpr": 0.847524236653161,
    "polarity_flipped": false,
    "score_range": [
      0.0,
      0.9153200387954712
    ],
    "n_samples": 176947200,
    "ood_ratio": 0.18666614673755788
  },
  "MaxLogit": {
    "auroc": 0.7134543697085323,
    "ap": 0.3393399247989902,
    "fpr_at_95_tpr": 0.8285175092546998,
    "polarity_flipped": false,
    "score_range": [
      -19.71736717224121,
      -0.6379977464675903
    ],
    "n_samples": 176947200,
    "ood_ratio": 0.18666614673755788
  },
  "Entropy": {
    "auroc": 0.6878091030004109,
    "ap": 0.31623430700245325,
    "fpr_at_95_tpr": 0.8464330671700081,
    "polarity_flipped": false,
    "score_range": [
      1.8561150909590651e-06,
      2.8511266708374023
    ],
    "n_samples": 176947200,
    "ood_ratio": 0.18666614673755788
  },
  "Energy": {
    "auroc": 0.7154218435420944,
    "ap": 0.3425342299850748,
    "fpr_at_95_tpr": 0.8284042218513112,
    "polarity_flipped": false,
    "score_range": [
      -19.71736717224121,
      -3.0844204425811768
    ],
    "n_samples": 176947200,
    "ood_ratio": 0.18666614673755788
  },
  "Mahalanobis": {
    "auroc": 0.5028967502106088,
    "ap": 0.2021076305057598,
    "fpr_at_95_tpr": 0.9553513942619263,
    "polarity_flipped": true,
    "score_range": [
      -2527.53466796875,
      -82.31669616699219
    ],
    "n_samples": 176947200,
    "ood_ratio": 0.18666614673755788
  },
  "Mahalanobis++": {
    "auroc": 0.5424544094171634,
    "ap": 0.19994878782286785,
    "fpr_at_95_tpr": 0.8770705697975616,
    "polarity_flipped": false,
    "score_range": [
      1110.8408203125,
      93095.2109375
    ],
    "n_samples": 176947200,
    "ood_ratio": 0.18666614673755788
  },
  "ReAct": {
    "auroc": 0.657275996156557,
    "ap": 0.2972305085236699,
    "fpr_at_95_tpr": 0.8654068589519298,
    "polarity_flipped": false,
    "score_range": [
      -15.537787437438965,
      -0.9477013349533081
    ],
    "n_samples": 176947200,
    "ood_ratio": 0.18666614673755788
  },
  "ASH": {
    "auroc": 0.6977179035046699,
    "ap": 0.32337924432613896,
    "fpr_at_95_tpr": 0.8353321315122225,
    "polarity_flipped": false,
    "score_range": [
      -31.861677169799805,
      -3.32629656791687
    ],
    "n_samples": 176947200,
    "ood_ratio": 0.18666614673755788
  },
  "ACTSUB": {
    "auroc": 0.660007658859924,
    "ap": 0.30881185125702293,
    "fpr_at_95_tpr": 0.8675502449506574,
    "polarity_flipped": false,
    "score_range": [
      -15.098773956298828,
      -3.0838005542755127
    ],
    "n_samples": 176947200,
    "ood_ratio": 0.18666614673755788
  },
  "ODIN": {
    "auroc": 0.7117407896374766,
    "ap": 0.33781227280156145,
    "fpr_at_95_tpr": 0.8314916579642059,
    "polarity_flipped": false,
    "score_range": [
      0.9463249444961548,
      0.9473356604576111
    ],
    "n_samples": 176947200,
    "ood_ratio": 0.18666614673755788
  },
  "kNN": {
    "auroc": 0.5658993749174831,
    "ap": 0.21509978710011535,
    "fpr_at_95_tpr": 0.928296279189746,
    "polarity_flipped": true,
    "score_range": [
      -0.8229227662086487,
      -0.27896079421043396
    ],
    "n_samples": 176947200,
    "ood_ratio": 0.18666614673755788
  },
  "VIM": {
    "auroc": 0.711232417664041,
    "ap": 0.34090231436325097,
    "fpr_at_95_tpr": 0.8319244000027015,
    "polarity_flipped": false,
    "score_range": [
      -16.030210494995117,
      2.1845788955688477
    ],
    "n_samples": 176947200,
    "ood_ratio": 0.18666614673755788
  },
  "GEN": {
    "auroc": 0.680628830713499,
    "ap": 0.30543139624836607,
    "fpr_at_95_tpr": 0.8475030369556795,
    "polarity_flipped": false,
    "score_range": [
      1.0850676801510417e-07,
      0.9936826229095459
    ],
    "n_samples": 176947200,
    "ood_ratio": 0.18666614673755788
  },
  "DICE": {
    "auroc": 0.7154232755058288,
    "ap": 0.342534187422092,
    "fpr_at_95_tpr": 0.8284041454184459,
    "polarity_flipped": false,
    "score_range": [
      -19.71736717224121,
      -3.147529125213623
    ],
    "n_samples": 176947200,
    "ood_ratio": 0.18666614673755788
  },
  "Gram": {
    "auroc": 0.5052252618856378,
    "ap": 0.20568962654138628,
    "fpr_at_95_tpr": 0.9577035045191418,
    "polarity_flipped": true,
    "score_range": [
      -0.4338985085487366,
      -0.06394036114215851
    ],
    "n_samples": 176947200,
    "ood_ratio": 0.18666614673755788
  },
  "SCALE": {
    "auroc": 0.707881868303972,
    "ap": 0.33895946218081047,
    "fpr_at_95_tpr": 0.842843640842577,
    "polarity_flipped": false,
    "score_range": [
      -11.639689445495605,
      -2.9994184970855713
    ],
    "n_samples": 176947200,
    "ood_ratio": 0.18666614673755788
  },
  "KL_Matching": {
    "auroc": 0.6878091058582946,
    "ap": 0.31623424582182935,
    "fpr_at_95_tpr": 0.8464350613729505,
    "polarity_flipped": false,
    "score_range": [
      -2.944437265396118,
      -0.09331170469522476
    ],
    "n_samples": 176947200,
    "ood_ratio": 0.18666614673755788
  }
}