{
  "MSP": 0.37116801142692557,
  "MaxLogit": 2.2612979173660275,
  "Entropy": 0.7105878889560695,
  "Energy": 2.1316402196884088,
  "Mahalanobis": 164.30660858154295,
  "Mahalanobis_plus__plus_": 194.17165832519527,
  "ASH": -1.5904061794281006,
  "ODIN": 0.9468604922294617,
  "kNN": 0.4427949786186218,
  "VIM": 61.09664859771728,
  "GEN": 0.9262533128261565,
  "DICE": -0.7507755994796756,
  "Gram": 2.5909342527389523,
  "SCALE": -1.0396870672702794,
  "KL_Matching": -2.233851432800293
}