{
  "MSP": {
    "auroc": 0.810242219959913,
    "ap": 0.38033304694322817,
    "fpr_at_95_tpr": 0.6726583096103215,
    "polarity_flipped": false,
    "score_range": [
      0.0,
      0.8612068295478821
    ],
    "n_samples": 11796480,
    "ood_ratio": 0.11386430528428819
  },
  "MaxLogit": {
    "auroc": 0.8363034122312192,
    "ap": 0.4389443193206824,
    "fpr_at_95_tpr": 0.6278407106973676,
    "polarity_flipped": false,
    "score_range": [
      -11.118267059326172,
      19.83547592163086
    ],
    "n_samples": 11796480,
    "ood_ratio": 0.11386430528428819
  },
  "Entropy": {
    "auroc": 0.8249016700807287,
    "ap": 0.47124255506922164,
    "fpr_at_95_tpr": 0.6727257525435553,
    "polarity_flipped": false,
    "score_range": [
      5.741720575554166e-13,
      2.4752025604248047
    ],
    "n_samples": 11796480,
    "ood_ratio": 0.11386430528428819
  },
  "Energy": {
    "auroc": 0.8319882179779406,
    "ap": 0.4152002334394753,
    "fpr_at_95_tpr": 0.6249398035946988,
    "polarity_flipped": false,
    "score_range": [
      -11.118267059326172,
      19.646703720092773
    ],
    "n_samples": 11796480,
    "ood_ratio": 0.11386430528428819
  },
  "Mahalanobis": {
    "auroc": 0.8026549973259665,
    "ap": 0.26358037580948496,
    "fpr_at_95_tpr": 0.46835778466514155,
    "polarity_flipped": false,
    "score_range": [
      14.079424858093262,
      405.53778076171875
    ],
    "n_samples": 11796480,
    "ood_ratio": 0.11386430528428819
  },
  "Mahalanobis++": {
    "auroc": 0.7931089872573525,
    "ap": 0.27445789552612226,
    "fpr_at_95_tpr": 0.5133762774217705,
    "polarity_flipped": false,
    "score_range": [
      12.723827362060547,
      696.1055908203125
    ],
    "n_samples": 11796480,
    "ood_ratio": 0.11386430528428819
  },
  "ASH": {
    "auroc": 0.5144312540742142,
    "ap": 0.11287086111077886,
    "fpr_at_95_tpr": 0.9800985948719263,
    "polarity_flipped": false,
    "score_range": [
      -1.6739269495010376,
      -1.5113904476165771
    ],
    "n_samples": 11796480,
    "ood_ratio": 0.11386430528428819
  },
  "ODIN": {
    "auroc": 0.8708889958014697,
    "ap": 0.5965809083210242,
    "fpr_at_95_tpr": 0.6451065799238938,
    "polarity_flipped": false,
    "score_range": [
      0.9451751112937927,
      0.9472488164901733
    ],
    "n_samples": 11796480,
    "ood_ratio": 0.11386430528428819
  },
  "kNN": {
    "auroc": 0.9052858340643977,
    "ap": 0.6574952727570559,
    "fpr_at_95_tpr": 0.5062150815408979,
    "polarity_flipped": false,
    "score_range": [
      0.030564725399017334,
      0.6861748695373535
    ],
    "n_samples": 11796480,
    "ood_ratio": 0.11386430528428819
  },
  "VIM": {
    "auroc": 0.909571005760834,
    "ap": 0.4964280383306643,
    "fpr_at_95_tpr": 0.2900578976057472,
    "polarity_flipped": false,
    "score_range": [
      8.537419319152832,
      105.29837036132812
    ],
    "n_samples": 11796480,
    "ood_ratio": 0.11386430528428819
  },
  "GEN": {
    "auroc": 0.8128232553696755,
    "ap": 0.40896695377549036,
    "fpr_at_95_tpr": 0.6726476909357272,
    "polarity_flipped": false,
    "score_range": [
      1.8000000795437288e-11,
      0.9893865585327148
    ],
    "n_samples": 11796480,
    "ood_ratio": 0.11386430528428819
  },
  "DICE": {
    "auroc": 0.831989094126018,
    "ap": 0.4151688990882976,
    "fpr_at_95_tpr": 0.6249398035946988,
    "polarity_flipped": false,
    "score_range": [
      -11.11829662322998,
      -0.0006498370785266161
    ],
    "n_samples": 11796480,
    "ood_ratio": 0.11386430528428819
  },
  "Gram": {
    "auroc": 0.6366566871982561,
    "ap": 0.16021664179731768,
    "fpr_at_95_tpr": 0.8325757403272962,
    "polarity_flipped": false,
    "score_range": [
      1.069864273071289,
      3.696932554244995
    ],
    "n_samples": 11796480,
    "ood_ratio": 0.11386430528428819
  },
  "SCALE": {
    "auroc": 0.7627254959925261,
    "ap": 0.2969647986583842,
    "fpr_at_95_tpr": 0.7033884668948949,
    "polarity_flipped": true,
    "score_range": [
      0.19819283485412598,
      2.664565324783325
    ],
    "n_samples": 11796480,
    "ood_ratio": 0.11386430528428819
  },
  "KL_Matching": {
    "auroc": 0.8249034993138025,
    "ap": 0.47123193672954067,
    "fpr_at_95_tpr": 0.6728442799113236,
    "polarity_flipped": false,
    "score_range": [
      -2.9444386959075928,
      -0.4692360460758209
    ],
    "n_samples": 11796480,
    "ood_ratio": 0.11386430528428819
  }
}