{
  "MSP": 0.34164664149284363,
  "MaxLogit": 2.040923237800598,
  "Entropy": 0.5295099318027496,
  "Energy": 2.020251512527466,
  "Mahalanobis": 166.7954864501953,
  "Mahalanobis_plus__plus_": 168.63865661621094,
  "ODIN": 0.9467282891273499,
  "GEN": 0.8719185590744019,
  "DICE": -0.7575427889823914,
  "Gram": 1.249727725982666,
  "KL_Matching": -2.414928913116455,
  "ReAct": 0.8777006208896632,
  "ASH": -1.5872814655303955,
  "ACTSUB": 1.4680977821350076,
  "kNN": 0.41793584674596773,
  "VIM": 60.32794952392578,
  "SCALE": -1.1159857511520386
}