{
  "MSP": {
    "auroc": 0.5586322751864308,
    "ap": 0.17408572965557922,
    "fpr_at_95_tpr": 1.0,
    "polarity_flipped": false,
    "score_range": [
      0.0,
      0.8643403649330139
    ],
    "n_samples": 131530752,
    "ood_ratio": 0.132656772159259
  },
  "MaxLogit": {
    "auroc": 0.5588082979176234,
    "ap": 0.15971491917088804,
    "fpr_at_95_tpr": 0.9419632549706548,
    "polarity_flipped": false,
    "score_range": [
      -18.201045989990234,
      20.932079315185547
    ],
    "n_samples": 176947200,
    "ood_ratio": 0.1122448334870515
  },
  "Entropy": {
    "auroc": 0.6175562778037427,
    "ap": 0.19627475734364894,
    "fpr_at_95_tpr": 0.9483574997562956,
    "polarity_flipped": false,
    "score_range": [
      5.4208748047473e-23,
      2.5466148853302
    ],
    "n_samples": 176947200,
    "ood_ratio": 0.1122448334870515
  },
  "Energy": {
    "auroc": 0.5559159960259006,
    "ap": 0.15471138801321657,
    "fpr_at_95_tpr": 0.9419622300530033,
    "polarity_flipped": false,
    "score_range": [
      -18.201045989990234,
      20.502315521240234
    ],
    "n_samples": 176947200,
    "ood_ratio": 0.1122448334870515
  },
  "Mahalanobis": {
    "auroc": 0.7110730114232273,
    "ap": 0.23213756864173202,
    "fpr_at_95_tpr": 0.8281117927464235,
    "polarity_flipped": false,
    "score_range": [
      9.003426551818848,
      664.6170654296875
    ],
    "n_samples": 176947200,
    "ood_ratio": 0.1122448334870515
  },
  "Mahalanobis++": {
    "auroc": 0.7367399436048214,
    "ap": 0.2422526684060152,
    "fpr_at_95_tpr": 0.7785532290596573,
    "polarity_flipped": false,
    "score_range": [
      9.003426551818848,
      664.6170654296875
    ],
    "n_samples": 168689664,
    "ood_ratio": 0.10509471997051342
  },
  "ODIN": {
    "auroc": 0.6021074465759534,
    "ap": 0.20404781959485485,
    "fpr_at_95_tpr": 0.9494986277912303,
    "polarity_flipped": false,
    "score_range": [
      0.9440291523933411,
      0.9472768306732178
    ],
    "n_samples": 176947200,
    "ood_ratio": 0.1122448334870515
  },
  "GEN": {
    "auroc": 0.6163648730602128,
    "ap": 0.19184957675437259,
    "fpr_at_95_tpr": 0.9483537311149931,
    "polarity_flipped": false,
    "score_range": [
      1.7999999060713812e-11,
      0.9899640679359436
    ],
    "n_samples": 176947200,
    "ood_ratio": 0.1122448334870515
  },
  "DICE": {
    "auroc": 0.555817971545558,
    "ap": 0.15453732070513002,
    "fpr_at_95_tpr": 0.9419624464952403,
    "polarity_flipped": false,
    "score_range": [
      -18.201045989990234,
      -0.13575416803359985
    ],
    "n_samples": 176947200,
    "ood_ratio": 0.1122448334870515
  },
  "Gram": {
    "auroc": 0.6704082214067735,
    "ap": 0.21220794591225728,
    "fpr_at_95_tpr": 0.9532077156488329,
    "polarity_flipped": false,
    "score_range": [
      0.3731916546821594,
      2.217529058456421
    ],
    "n_samples": 176947200,
    "ood_ratio": 0.1122448334870515
  },
  "KL_Matching": {
    "auroc": 0.6175135587348005,
    "ap": 0.19621392214324174,
    "fpr_at_95_tpr": 1.0,
    "polarity_flipped": false,
    "score_range": [
      -2.9444386959075928,
      -0.39782431721687317
    ],
    "n_samples": 176947200,
    "ood_ratio": 0.1122448334870515
  },
  "ReAct": {
    "auroc": 0.6693913999665168,
    "ap": 0.22823906532235144,
    "fpr_at_95_tpr": 0.8772831665008247,
    "polarity_flipped": false,
    "score_range": [
      -11.450934410095215,
      12.802506446838379
    ],
    "n_samples": 44236800,
    "ood_ratio": 0.11222507052951389
  },
  "ASH": {
    "auroc": 0.5301460039501035,
    "ap": 0.1211530169575913,
    "fpr_at_95_tpr": 0.9508705647707818,
    "polarity_flipped": false,
    "score_range": [
      -1.7816050052642822,
      -1.4197263717651367
    ],
    "n_samples": 44236800,
    "ood_ratio": 0.11222507052951389
  },
  "ACTSUB": {
    "auroc": 0.6458078545552546,
    "ap": 0.19285959891988136,
    "fpr_at_95_tpr": 0.8418505531707547,
    "polarity_flipped": false,
    "score_range": [
      -9.687261581420898,
      12.198118209838867
    ],
    "n_samples": 44236800,
    "ood_ratio": 0.11222507052951389
  },
  "kNN": {
    "auroc": 0.7118259181913965,
    "ap": 0.23486564790371012,
    "fpr_at_95_tpr": 0.7169212963776371,
    "polarity_flipped": false,
    "score_range": [
      0.03397984802722931,
      0.6723148226737976
    ],
    "n_samples": 44236800,
    "ood_ratio": 0.11222507052951389
  },
  "VIM": {
    "auroc": 0.717484351910602,
    "ap": 0.2468556600175373,
    "fpr_at_95_tpr": 0.7476044833814512,
    "polarity_flipped": false,
    "score_range": [
      9.523526191711426,
      105.74434661865234
    ],
    "n_samples": 44236800,
    "ood_ratio": 0.11222507052951389
  },
  "SCALE": {
    "auroc": 0.6230207124331096,
    "ap": 0.1592520935347243,
    "fpr_at_95_tpr": 0.9145691207156021,
    "polarity_flipped": true,
    "score_range": [
      0.07138986885547638,
      2.7209432125091553
    ],
    "n_samples": 44236800,
    "ood_ratio": 0.11222507052951389
  }
}