{
  "MSP": 0.19267220795154572,
  "MaxLogit": 2.0409228801727295,
  "Entropy": 0.5295097827911377,
  "Energy": 2.0202525854110718,
  "Mahalanobis": 166.96350860595703,
  "Mahalanobis_plus__plus_": 166.79469299316406,
  "ReAct": 1.1687076687812805,
  "ASH": -1.5961834192276,
  "ACTSUB": 2.0133869647979736,
  "ODIN": 0.9467282891273499,
  "kNN": 0.3778562843799591,
  "VIM": 58.18101119995117,
  "GEN": 0.8719185292720795,
  "DICE": -0.7575427889823914,
  "Gram": 2.6751601696014404,
  "SCALE": -1.006188154220581,
  "KL_Matching": -2.414929151535034
}