{
  "MSP": {
    "auroc": 0.6171133262528384,
    "ap": 0.18984428313693325,
    "fpr_at_95_tpr": 1.0,
    "polarity_flipped": false,
    "score_range": [
      0.0,
      0.8565446138381958
    ],
    "n_samples": 176947200,
    "ood_ratio": 0.1122448334870515
  },
  "MaxLogit": {
    "auroc": 0.5588083201623638,
    "ap": 0.15971491814731525,
    "fpr_at_95_tpr": 0.9419632358728104,
    "polarity_flipped": false,
    "score_range": [
      -18.201045989990234,
      20.932079315185547
    ],
    "n_samples": 176947200,
    "ood_ratio": 0.1122448334870515
  },
  "Entropy": {
    "auroc": 0.6175562981355738,
    "ap": 0.19627476551206224,
    "fpr_at_95_tpr": 0.9483575061222438,
    "polarity_flipped": false,
    "score_range": [
      5.4208748047473e-23,
      2.5466148853302
    ],
    "n_samples": 176947200,
    "ood_ratio": 0.1122448334870515
  },
  "Energy": {
    "auroc": 0.5559160183674549,
    "ap": 0.1547113866572297,
    "fpr_at_95_tpr": 0.9419622109551589,
    "polarity_flipped": false,
    "score_range": [
      -18.201045989990234,
      20.502315521240234
    ],
    "n_samples": 176947200,
    "ood_ratio": 0.1122448334870515
  },
  "Mahalanobis": {
    "auroc": 0.7030278920107815,
    "ap": 0.19996110844118828,
    "fpr_at_95_tpr": 0.7189618442319841,
    "polarity_flipped": false,
    "score_range": [
      9.027472496032715,
      448.6654052734375
    ],
    "n_samples": 176947200,
    "ood_ratio": 0.1122448334870515
  },
  "Mahalanobis++": {
    "auroc": 0.7110496929273558,
    "ap": 0.2321607556582642,
    "fpr_at_95_tpr": 0.8285899072819387,
    "polarity_flipped": false,
    "score_range": [
      8.998822212219238,
      664.7632446289062
    ],
    "n_samples": 176947200,
    "ood_ratio": 0.1122448334870515
  },
  "ReAct": {
    "auroc": 0.6294122151175854,
    "ap": 0.20124392808342817,
    "fpr_at_95_tpr": 0.9142804965727295,
    "polarity_flipped": false,
    "score_range": [
      -12.420310974121094,
      14.97633171081543
    ],
    "n_samples": 176947200,
    "ood_ratio": 0.1122448334870515
  },
  "ASH": {
    "auroc": 0.5366618257779289,
    "ap": 0.12588153335306462,
    "fpr_at_95_tpr": 0.9538918640960976,
    "polarity_flipped": false,
    "score_range": [
      -1.7502155303955078,
      -1.4447388648986816
    ],
    "n_samples": 176947200,
    "ood_ratio": 0.1122448334870515
  },
  "ACTSUB": {
    "auroc": 0.582278268237617,
    "ap": 0.1667693417751391,
    "fpr_at_95_tpr": 0.8944612692563645,
    "polarity_flipped": false,
    "score_range": [
      -10.877618789672852,
      14.94730281829834
    ],
    "n_samples": 176947200,
    "ood_ratio": 0.1122448334870515
  },
  "ODIN": {
    "auroc": 0.6021074664350864,
    "ap": 0.20404782502263127,
    "fpr_at_95_tpr": 0.9494986277912303,
    "polarity_flipped": false,
    "score_range": [
      0.9440291523933411,
      0.9472768306732178
    ],
    "n_samples": 176947200,
    "ood_ratio": 0.1122448334870515
  },
  "kNN": {
    "auroc": 0.7276503136423049,
    "ap": 0.2449280153973072,
    "fpr_at_95_tpr": 0.6930128645435538,
    "polarity_flipped": false,
    "score_range": [
      0.027202025055885315,
      0.6847213506698608
    ],
    "n_samples": 176947200,
    "ood_ratio": 0.1122448334870515
  },
  "VIM": {
    "auroc": 0.7032796256293022,
    "ap": 0.24143752317914988,
    "fpr_at_95_tpr": 0.7893085696083104,
    "polarity_flipped": false,
    "score_range": [
      5.512373447418213,
      117.5165786743164
    ],
    "n_samples": 176947200,
    "ood_ratio": 0.1122448334870515
  },
  "GEN": {
    "auroc": 0.6163648969378136,
    "ap": 0.19184958533433605,
    "fpr_at_95_tpr": 0.9483537374809412,
    "polarity_flipped": false,
    "score_range": [
      1.7999999060713812e-11,
      0.9899640679359436
    ],
    "n_samples": 176947200,
    "ood_ratio": 0.1122448334870515
  },
  "DICE": {
    "auroc": 0.5558179940425116,
    "ap": 0.15453710635986997,
    "fpr_at_95_tpr": 0.9419624273973959,
    "polarity_flipped": false,
    "score_range": [
      -18.201045989990234,
      -0.13575416803359985
    ],
    "n_samples": 176947200,
    "ood_ratio": 0.1122448334870515
  },
  "Gram": {
    "auroc": 0.6328040695184399,
    "ap": 0.1626035150682011,
    "fpr_at_95_tpr": 0.8975591051389238,
    "polarity_flipped": false,
    "score_range": [
      0.9856220483779907,
      4.148952960968018
    ],
    "n_samples": 176947200,
    "ood_ratio": 0.1122448334870515
  },
  "SCALE": {
    "auroc": 0.6330621084051167,
    "ap": 0.169408531912067,
    "fpr_at_95_tpr": 0.9425098225465854,
    "polarity_flipped": true,
    "score_range": [
      -0.2464413344860077,
      2.716071605682373
    ],
    "n_samples": 176947200,
    "ood_ratio": 0.1122448334870515
  },
  "KL_Matching": {
    "auroc": 0.6175135757495159,
    "ap": 0.19621392987975836,
    "fpr_at_95_tpr": 1.0,
    "polarity_flipped": false,
    "score_range": [
      -2.9444386959075928,
      -0.39782431721687317
    ],
    "n_samples": 176947200,
    "ood_ratio": 0.1122448334870515
  }
}