{
  "MSP": 0.3519485890865326,
  "MaxLogit": -6.243048429489136,
  "Entropy": 0.8258831202983856,
  "Energy": -6.54921293258667,
  "Mahalanobis": 403.0404968261719,
  "Mahalanobis_plus__plus_": 14637.7197265625,
  "ReAct": -5.421771287918091,
  "ASH": -6.71593976020813,
  "ACTSUB": -5.787640571594238,
  "ODIN": 0.9470418691635132,
  "kNN": 0.7154838442802429,
  "VIM": -4.29439902305603,
  "GEN": 0.9241914749145508,
  "DICE": -6.551848888397217,
  "Gram": 0.1779685914516449,
  "SCALE": -4.3467488288879395,
  "KL_Matching": -2.1185555458068848
}