{
  "MSP": {
    "auroc": 0.6487941868719799,
    "ap": 0.20182726004888507,
    "fpr_at_95_tpr": 0.9395716701073237,
    "polarity_flipped": false,
    "score_range": [
      0.0,
      0.8981257677078247
    ],
    "n_samples": 176947200,
    "ood_ratio": 0.1122448334870515
  },
  "MaxLogit": {
    "auroc": 0.6636775131306877,
    "ap": 0.2301033746371646,
    "fpr_at_95_tpr": 0.9305043764270188,
    "polarity_flipped": false,
    "score_range": [
      -20.63616180419922,
      -1.2710380554199219
    ],
    "n_samples": 176947200,
    "ood_ratio": 0.1122448334870515
  },
  "Entropy": {
    "auroc": 0.6519678924223057,
    "ap": 0.21474917572144103,
    "fpr_at_95_tpr": 0.9393431898624109,
    "polarity_flipped": false,
    "score_range": [
      5.596651817540987e-07,
      2.7025372982025146
    ],
    "n_samples": 176947200,
    "ood_ratio": 0.1122448334870515
  },
  "Energy": {
    "auroc": 0.663840529350768,
    "ap": 0.23251347701034897,
    "fpr_at_95_tpr": 0.9305140717660454,
    "polarity_flipped": false,
    "score_range": [
      -20.63616180419922,
      -3.314115047454834
    ],
    "n_samples": 176947200,
    "ood_ratio": 0.1122448334870515
  },
  "Mahalanobis": {
    "auroc": 0.5033350904397972,
    "ap": 0.11580517901879533,
    "fpr_at_95_tpr": 0.952643399809471,
    "polarity_flipped": true,
    "score_range": [
      -2463.905517578125,
      -78.50688171386719
    ],
    "n_samples": 176947200,
    "ood_ratio": 0.1122448334870515
  },
  "Mahalanobis++": {
    "auroc": 0.63703933428757,
    "ap": 0.16592251092301258,
    "fpr_at_95_tpr": 0.8031530235602277,
    "polarity_flipped": false,
    "score_range": [
      1168.388671875,
      75064.5625
    ],
    "n_samples": 176947200,
    "ood_ratio": 0.1122448334870515
  },
  "ReAct": {
    "auroc": 0.5714001002579049,
    "ap": 0.17207080263129376,
    "fpr_at_95_tpr": 0.951452553719515,
    "polarity_flipped": false,
    "score_range": [
      -15.611594200134277,
      -1.124099612236023
    ],
    "n_samples": 176947200,
    "ood_ratio": 0.1122448334870515
  },
  "ASH": {
    "auroc": 0.6965760708360655,
    "ap": 0.25594015453950103,
    "fpr_at_95_tpr": 0.8925193877019724,
    "polarity_flipped": false,
    "score_range": [
      -33.21332550048828,
      -3.292482852935791
    ],
    "n_samples": 176947200,
    "ood_ratio": 0.1122448334870515
  },
  "ACTSUB": {
    "auroc": 0.5811485386458995,
    "ap": 0.19064444655896473,
    "fpr_at_95_tpr": 0.9532869844351486,
    "polarity_flipped": false,
    "score_range": [
      -16.033126831054688,
      -3.29465913772583
    ],
    "n_samples": 176947200,
    "ood_ratio": 0.1122448334870515
  },
  "ODIN": {
    "auroc": 0.6605904457170099,
    "ap": 0.22771404530621928,
    "fpr_at_95_tpr": 0.9319496758303238,
    "polarity_flipped": false,
    "score_range": [
      0.9462732076644897,
      0.9473042488098145
    ],
    "n_samples": 176947200,
    "ood_ratio": 0.1122448334870515
  },
  "kNN": {
    "auroc": 0.5796780393887263,
    "ap": 0.13939694456329893,
    "fpr_at_95_tpr": 0.9293292860587244,
    "polarity_flipped": true,
    "score_range": [
      -0.8282628059387207,
      -0.28502359986305237
    ],
    "n_samples": 176947200,
    "ood_ratio": 0.1122448334870515
  },
  "VIM": {
    "auroc": 0.6529736942561433,
    "ap": 0.2156674693313035,
    "fpr_at_95_tpr": 0.9374625168994438,
    "polarity_flipped": false,
    "score_range": [
      -16.770610809326172,
      0.5442279577255249
    ],
    "n_samples": 176947200,
    "ood_ratio": 0.1122448334870515
  },
  "GEN": {
    "auroc": 0.6491427500472602,
    "ap": 0.20577711904091198,
    "fpr_at_95_tpr": 0.9396609779938658,
    "polarity_flipped": false,
    "score_range": [
      3.0966138098165175e-08,
      0.9920015931129456
    ],
    "n_samples": 176947200,
    "ood_ratio": 0.1122448334870515
  },
  "DICE": {
    "auroc": 0.6638407071588563,
    "ap": 0.23251583175836715,
    "fpr_at_95_tpr": 0.9305140081065639,
    "polarity_flipped": false,
    "score_range": [
      -20.63616180419922,
      -3.3674886226654053
    ],
    "n_samples": 176947200,
    "ood_ratio": 0.1122448334870515
  },
  "Gram": {
    "auroc": 0.5096076075271148,
    "ap": 0.1198868555720223,
    "fpr_at_95_tpr": 0.949385523990518,
    "polarity_flipped": true,
    "score_range": [
      -0.4040379226207733,
      -0.0573139451444149
    ],
    "n_samples": 176947200,
    "ood_ratio": 0.1122448334870515
  },
  "SCALE": {
    "auroc": 0.6439014808797853,
    "ap": 0.2133879266775061,
    "fpr_at_95_tpr": 0.941131550211311,
    "polarity_flipped": false,
    "score_range": [
      -12.353200912475586,
      -3.0576353073120117
    ],
    "n_samples": 176947200,
    "ood_ratio": 0.1122448334870515
  },
  "KL_Matching": {
    "auroc": 0.6519679358997756,
    "ap": 0.2147490185229532,
    "fpr_at_95_tpr": 0.939373466311794,
    "polarity_flipped": false,
    "score_range": [
      -2.9444382190704346,
      -0.2419012039899826
    ],
    "n_samples": 176947200,
    "ood_ratio": 0.1122448334870515
  }
}